[{"model": "contenttypes.contenttype", "pk": 1, "fields": {"app_label": "admin", "model": "logentry"}}, {"model": "contenttypes.contenttype", "pk": 2, "fields": {"app_label": "auth", "model": "group"}}, {"model": "contenttypes.contenttype", "pk": 3, "fields": {"app_label": "auth", "model": "permission"}}, {"model": "contenttypes.contenttype", "pk": 4, "fields": {"app_label": "auth", "model": "user"}}, {"model": "contenttypes.contenttype", "pk": 5, "fields": {"app_label": "contenttypes", "model": "contenttype"}}, {"model": "contenttypes.contenttype", "pk": 6, "fields": {"app_label": "sessions", "model": "session"}}, {"model": "contenttypes.contenttype", "pk": 7, "fields": {"app_label": "ecomapp", "model": "category"}}, {"model": "contenttypes.contenttype", "pk": 8, "fields": {"app_label": "ecomapp", "model": "brand"}}, {"model": "contenttypes.contenttype", "pk": 9, "fields": {"app_label": "ecomapp", "model": "product"}}, {"model": "contenttypes.contenttype", "pk": 10, "fields": {"app_label": "ecomapp", "model": "cartitem"}}, {"model": "contenttypes.contenttype", "pk": 11, "fields": {"app_label": "ecomapp", "model": "cart"}}, {"model": "contenttypes.contenttype", "pk": 12, "fields": {"app_label": "ecomapp", "model": "order"}}, {"model": "contenttypes.contenttype", "pk": 13, "fields": {"app_label": "ecomapp", "model": "orderitem"}}, {"model": "contenttypes.contenttype", "pk": 14, "fields": {"app_label": "orders", "model": "order"}}, {"model": "contenttypes.contenttype", "pk": 15, "fields": {"app_label": "orders", "model": "orderitem"}}, {"model": "contenttypes.contenttype", "pk": 16, "fields": {"app_label": "cart", "model": "cartaddproductmodel"}}, {"model": "contenttypes.contenttype", "pk": 17, "fields": {"app_label": "ecomapp", "model": "changeproductprice"}}, {"model": "sessions.session", "pk": "00qld30nuyl3f5rkoqfoq20fxqhogkw1", "fields": {"session_data": "MTIzYzhmZjgyNDUzNmU2OGZjZTJkZWVhMDhiYzEwNzE2ZjU3YTAxZjp7ImNhcnQiOnt9fQ==", "expire_date": "2019-05-28T13:22:02.599Z"}}, {"model": "sessions.session", "pk": "13o4yv2woojsa6qvz26x9w9ck6x8pmb7", "fields": {"session_data": "M2UzN2M0ODEwYmY5YzAzMzc3ZDdhZGU0MjY1Y2NhOGI0YzZhNDg2ZDp7Il9hdXRoX3VzZXJfaGFzaCI6IjlhOWQ3YzI5NTAyYjM3ODIzZThhYmVhYWY0ODc2ZjdjODJlOTMzMDEiLCJfYXV0aF91c2VyX2lkIjoiMSIsIl9hdXRoX3VzZXJfYmFja2VuZCI6ImRqYW5nby5jb250cmliLmF1dGguYmFja2VuZHMuTW9kZWxCYWNrZW5kIiwiY2FydCI6e319", "expire_date": "2019-05-31T17:17:51.178Z"}}, {"model": "sessions.session", "pk": "61q2gf41mhuys5x0tsw4shwzc4fo037c", "fields": {"session_data": "MTIzYzhmZjgyNDUzNmU2OGZjZTJkZWVhMDhiYzEwNzE2ZjU3YTAxZjp7ImNhcnQiOnt9fQ==", "expire_date": "2019-05-31T08:39:38.820Z"}}, {"model": "sessions.session", "pk": "8ydzmq8mri9dt384ikuecpl0zb3ab4uv", "fields": {"session_data": "MzVlMzhhMjE5YWUzYjUyNDk1ZTY1MGMxMjhlNjU5ZDQ4ZTM0Y2ViNTp7ImNhcnQiOnt9LCJfYXV0aF91c2VyX2hhc2giOiIxOWQ0MDRlZDVlMzVkMTVmZjRiNzRjMTM2NWQ5MDgwMTIwMjBjMzEzIiwiX2F1dGhfdXNlcl9pZCI6IjEiLCJfYXV0aF91c2VyX2JhY2tlbmQiOiJkamFuZ28uY29udHJpYi5hdXRoLmJhY2tlbmRzLk1vZGVsQmFja2VuZCJ9", "expire_date": "2019-05-16T12:51:50.617Z"}}, {"model": "sessions.session", "pk": "9m6jw5gd7y9d32pso7ywnvpwu4ol418p", "fields": {"session_data": "MTIzYzhmZjgyNDUzNmU2OGZjZTJkZWVhMDhiYzEwNzE2ZjU3YTAxZjp7ImNhcnQiOnt9fQ==", "expire_date": "2019-05-28T16:06:35.356Z"}}, {"model": "sessions.session", "pk": "fqvlyhzdqebdsspifskkn1wlfsb1x6vg", "fields": {"session_data": "MTIzYzhmZjgyNDUzNmU2OGZjZTJkZWVhMDhiYzEwNzE2ZjU3YTAxZjp7ImNhcnQiOnt9fQ==", "expire_date": "2019-05-31T08:42:55.161Z"}}, {"model": "sessions.session", "pk": "hxqehoxv7xntsoo32c2skb94tkn6i4d5", "fields": {"session_data": "MTIzYzhmZjgyNDUzNmU2OGZjZTJkZWVhMDhiYzEwNzE2ZjU3YTAxZjp7ImNhcnQiOnt9fQ==", "expire_date": "2019-05-28T16:04:27.932Z"}}, {"model": "sessions.session", "pk": "km18e6rts9n2xsgsnvytqs9szjscr8kz", "fields": {"session_data": "MTIzYzhmZjgyNDUzNmU2OGZjZTJkZWVhMDhiYzEwNzE2ZjU3YTAxZjp7ImNhcnQiOnt9fQ==", "expire_date": "2019-06-05T16:41:50.741Z"}}, {"model": "sessions.session", "pk": "kocx2bo0yl1v6fdghtw7513hkietcv47", "fields": {"session_data": "MTIzYzhmZjgyNDUzNmU2OGZjZTJkZWVhMDhiYzEwNzE2ZjU3YTAxZjp7ImNhcnQiOnt9fQ==", "expire_date": "2019-05-30T08:50:31.553Z"}}, {"model": "sessions.session", "pk": "q5kdgeybgzshs3sf8z95kdh166jltght", "fields": {"session_data": "MTIzYzhmZjgyNDUzNmU2OGZjZTJkZWVhMDhiYzEwNzE2ZjU3YTAxZjp7ImNhcnQiOnt9fQ==", "expire_date": "2019-05-28T15:01:22.744Z"}}, {"model": "sessions.session", "pk": "uwb41ad25x1zeq0n8go4s7c05slrri7q", "fields": {"session_data": "Yjg2ZjBhZWMwNmM0YzE2NTI4MjQ4NGJjODI3N2ExYjg5YTlkODQ0OTp7Il9hdXRoX3VzZXJfaWQiOiIxIiwiX2F1dGhfdXNlcl9iYWNrZW5kIjoiZGphbmdvLmNvbnRyaWIuYXV0aC5iYWNrZW5kcy5Nb2RlbEJhY2tlbmQiLCJjYXJ0Ijp7fSwiX2F1dGhfdXNlcl9oYXNoIjoiMTlkNDA0ZWQ1ZTM1ZDE1ZmY0Yjc0YzEzNjVkOTA4MDEyMDIwYzMxMyJ9", "expire_date": "2019-05-21T16:36:13.485Z"}}, {"model": "sessions.session", "pk": "y2yd1fcaaosfn5tidbs5k0kha7uzspif", "fields": {"session_data": "NjNjOTY2MzViYmY1YzBjYmVmMTZhZGM4ZDkzYzUzMGY0MTc1Mjc1Nzp7ImNhcnRfaWQiOjE5fQ==", "expire_date": "2019-05-14T12:50:46.058Z"}}, {"model": "ecomapp.category", "pk": 3, "fields": {"name": "\u041c\u043e\u0442\u043e\u0440\u043d\u044b\u0435 \u043c\u0430\u0441\u043b\u0430", "slug": "motornye-masla"}}, {"model": "ecomapp.category", "pk": 5, "fields": {"name": "\u0422\u0440\u0430\u043d\u0441\u043c\u0438\u0441\u0441\u0438\u043e\u043d\u043d\u044b\u0435 \u043c\u0430\u0441\u043b\u0430", "slug": "transmissionnye-masla"}}, {"model": "ecomapp.category", "pk": 6, "fields": {"name": "\u041f\u0440\u043e\u043c\u044b\u0432\u043e\u0447\u043d\u044b\u0435 \u043c\u0430\u0441\u043b\u0430", "slug": "promyvka-maslyanoj-sistemy"}}, {"model": "ecomapp.category", "pk": 7, "fields": {"name": "\u041f\u0440\u0438\u0441\u0430\u0434\u043a\u0430 \u043a \u043c\u0430\u0441\u043b\u0430\u043c", "slug": "prisadki-k-motornym-maslam"}}, {"model": "ecomapp.brand", "pk": 6, "fields": {"name": "Mobil"}}, {"model": "ecomapp.brand", "pk": 7, "fields": {"name": "Comma"}}, {"model": "ecomapp.brand", "pk": 8, "fields": {"name": "Shell"}}, {"model": "ecomapp.brand", "pk": 9, "fields": {"name": "LIQUI MOLY"}}, {"model": "ecomapp.product", "pk": 2, "fields": {"category": 3, "brand": 9, "title": "\u041c\u043e\u0442\u043e\u0440\u043d\u043e\u0435 \u043c\u0430\u0441\u043b\u043e LIQUI MOLY Synthoil Longtime 0W-30 8977 5\u043b", "slug": "motornoe-maslo-LIQUI-MOLY-Synthoil-Longtime-0W-30-", "description": "\u041e\u043f\u0438\u0441\u0430\u043d\u0438\u0435 \u0442\u043e\u0432\u0430\u0440\u0430", "image": "motornoe-maslo-LIQUI-MOLY-Synthoil-Longtime-0W-30-/motornoe-maslo-LIQUI-MOLY-Synthoil-Lo_RbHFutI.jpg", "price": "3078.00", "available": true}}, {"model": "ecomapp.product", "pk": 3, "fields": {"category": 3, "brand": 6, "title": "\u041c\u043e\u0442\u043e\u0440\u043d\u043e\u0435 \u043c\u0430\u0441\u043b\u043e MOBIL 1 0W-20 4\u043b", "slug": "motornoe-maslo-MOBIL-1-0W-20-4l", "description": "Description", "image": "motornoe-maslo-MOBIL-1-0W-20-4l/motornoe-maslo-MOBIL-1-0W-20-4l.jpg", "price": "1230.00", "available": true}}, {"model": "ecomapp.product", "pk": 4, "fields": {"category": 3, "brand": 7, "title": "\u041c\u043e\u0442\u043e\u0440\u043d\u043e\u0435 \u043c\u0430\u0441\u043b\u043e Comma ECO-LLP 0W-20 5\u043b", "slug": "motornoe-maslo-comma-eco-llp-0w-20-5l", "description": "Description", "image": "motornoe-maslo-comma-eco-llp-0w-20-5l/motornoe-maslo-comma-eco-llp-0w-20-5l.jpg", "price": "2670.00", "available": true}}, {"model": "ecomapp.product", "pk": 5, "fields": {"category": 3, "brand": 8, "title": "\u041c\u043e\u0442\u043e\u0440\u043d\u043e\u0435 \u043c\u0430\u0441\u043b\u043e SHELL Helix Ultra Professional AR-L 5W-30 5\u043b", "slug": "motornoe-maslo-shell-helix-ultra-professional-ar-l-5w-30-5l", "description": "Description", "image": "motornoe-maslo-shell-helix-ultra-professional-ar-l-5w-30-5l/motornoe-maslo-shell-helix-u_pYPdMfM.jpg", "price": "1050.00", "available": true}}, {"model": "ecomapp.product", "pk": 6, "fields": {"category": 5, "brand": 9, "title": "\u0422\u0440\u0430\u043d\u0441\u043c\u0438\u0441\u0441\u0438\u043e\u043d\u043d\u043e\u0435 \u043c\u0430\u0441\u043b\u043e LIQUI MOLY Top Tec ATF 1200 8040 5\u043b", "slug": "transmissionnoe-maslo-liqui-moly-top-tec-atf-1200-8040-5l", "description": "Description", "image": "transmissionnoe-maslo-liqui-moly-top-tec-atf-1200-8040-5l/transmissionnoe-maslo-liqui-mo_7Ni3PL4.jpg", "price": "1950.00", "available": true}}, {"model": "ecomapp.product", "pk": 7, "fields": {"category": 5, "brand": 7, "title": "\u0422\u0440\u0430\u043d\u0441\u043c\u0438\u0441\u0441\u0438\u043e\u043d\u043d\u043e\u0435 \u043c\u0430\u0441\u043b\u043e Comma MVMTF PLUS 75W 5\u043b", "slug": "transmissionnoe-maslo-comma-mvmtf-plus-75w-5l", "description": "Description", "image": "transmissionnoe-maslo-comma-mvmtf-plus-75w-5l/transmissionnoe-maslo-comma-mvmtf-plus-75w-5l.jpg", "price": "1800.00", "available": true}}, {"model": "ecomapp.product", "pk": 8, "fields": {"category": 5, "brand": 8, "title": "\u0422\u0440\u0430\u043d\u0441\u043c\u0438\u0441\u0441\u0438\u043e\u043d\u043d\u043e\u0435 \u043c\u0430\u0441\u043b\u043e SHELL Spirax S6 GXME 75W-80 1\u043b", "slug": "transmissionnoe-maslo-shell-spirax-s6-gxme-75w-80-1l", "description": "Description", "image": "transmissionnoe-maslo-shell-spirax-s6-gxme-75w-80-1l/transmissionnoe-maslo-shell-spirax-_VlKhnR9.jpg", "price": "320.00", "available": true}}, {"model": "ecomapp.product", "pk": 9, "fields": {"category": 6, "brand": 7, "title": "\u041f\u0440\u043e\u043c\u044b\u0432\u043a\u0430 \u043c\u0430\u0441\u043b\u044f\u043d\u043e\u0439 \u0441\u0438\u0441\u0442\u0435\u043c\u044b Comma FLUSH OUT 5\u043b", "slug": "promyvka-masljanoj-sistemy-comma-flush-out-5l", "description": "Desription", "image": "promyvka-masljanoj-sistemy-comma-flush-out-5l/promyvka-masljanoj-sistemy-comma-flush-out-5l.jpg", "price": "500.00", "available": true}}, {"model": "ecomapp.product", "pk": 10, "fields": {"category": 6, "brand": 9, "title": "\u041f\u0440\u043e\u043c\u044b\u0432\u043a\u0430 \u043c\u0430\u0441\u043b\u044f\u043d\u043e\u0439 \u0441\u0438\u0441\u0442\u0435\u043c\u044b LIQUI MOLY MOTORCLEAN 1883 0.5\u043b", "slug": "promyvka-masljanoj-sistemy-liqui-moly-motorclean-1883-05l", "description": "Description", "image": "promyvka-masljanoj-sistemy-liqui-moly-motorclean-1883-05l/promyvka-masljanoj-sistemy-liq_sB7ww2q.jpg", "price": "550.00", "available": true}}, {"model": "ecomapp.product", "pk": 11, "fields": {"category": 7, "brand": 9, "title": "\u041a\u043e\u043c\u043f\u043b\u0435\u043a\u0441\u043d\u0430\u044f \u043f\u0440\u0438\u0441\u0430\u0434\u043a\u0430 LIQUI MOLY Molygen Motor Protect 9050 500\u043c\u043b", "slug": "kompleksnaja-prisadka-liqui-moly-molygen-motor-protect-9050-500ml", "description": "Description", "image": "kompleksnaja-prisadka-liqui-moly-molygen-motor-protect-9050-500ml/kompleksnaja-prisadka-_E9d4AhO.jpg", "price": "790.00", "available": true}}, {"model": "ecomapp.product", "pk": 12, "fields": {"category": 7, "brand": 9, "title": "\u041a\u043e\u043c\u043f\u043b\u0435\u043a\u0441\u043d\u0430\u044f \u043f\u0440\u0438\u0441\u0430\u0434\u043a\u0430 LIQUI MOLY Oil Additiv MoS2 1998 300\u043c\u043b", "slug": "kompleksnaja-prisadka-liqui-moly-oil-additiv-mos2-1998-300ml", "description": "Description", "image": "kompleksnaja-prisadka-liqui-moly-oil-additiv-mos2-1998-300ml/kompleksnaja-prisadka-liqui_hKIhW1r.jpg", "price": "300.00", "available": true}}, {"model": "orders.order", "pk": 1, "fields": {"first_name": "Tanay", "last_name": "Daly", "email": "tanya@mail.com", "phone": "0552194572", "address": "str. 12", "date_of_delivery": "2019-05-06T10:14:33.965Z", "created": "2019-05-06T10:14:33.965Z", "updated": "2019-05-06T10:14:33.965Z", "comments": "def", "status": "\u041f\u0440\u0438\u043d\u044f\u0442 \u0432 \u043e\u0431\u0440\u0430\u0431\u043e\u0442\u043a\u0443"}}, {"model": "orders.order", "pk": 2, "fields": {"first_name": "Robert", "last_name": "Rupert", "email": "robert@email.com", "phone": "545684551", "address": "str.75 popt", "date_of_delivery": "2019-05-06T11:08:23.951Z", "created": "2019-05-06T10:36:45.351Z", "updated": "2019-05-06T11:08:23.951Z", "comments": "no comments", "status": "\u0412\u044b\u043f\u043e\u043b\u043d\u044f\u0435\u0442\u044c\u0441\u044f"}}, {"model": "orders.order", "pk": 3, "fields": {"first_name": "Piter", "last_name": "Piterov", "email": "piter@email.com", "phone": "476552145", "address": "str. 12 Ovolo", "date_of_delivery": "2019-05-06T11:08:34.748Z", "created": "2019-05-06T11:01:20.405Z", "updated": "2019-05-06T11:08:34.748Z", "comments": "no comments", "status": "\u041e\u043f\u043b\u0430\u0447\u0435\u043d"}}, {"model": "orders.order", "pk": 16, "fields": {"first_name": "\u0414\u043c\u0438\u0442\u0440\u0438\u0439", "last_name": "\u0424\u0435\u0434\u043e\u0440\u043e\u0432", "email": "alexandra.malyshenko94@gmail.com", "phone": "+38099547641", "address": "\u0443\u043b\u0438\u0446\u0430 \u0420\u043e\u0437\u044b \u041b\u044e\u043a\u0441\u0435\u043c\u0431\u0443\u0440\u0433, 45\u0432", "date_of_delivery": "2019-05-07T15:18:46.742Z", "created": "2019-05-07T15:18:46.742Z", "updated": "2019-05-07T15:18:46.742Z", "comments": "\u0434\u043e\u0441\u0442\u0430\u0432\u043a\u0430 \u043f\u043e\u0441\u043b\u0435 14", "status": "\u041f\u0440\u0438\u043d\u044f\u0442 \u0432 \u043e\u0431\u0440\u0430\u0431\u043e\u0442\u043a\u0443"}}, {"model": "orders.order", "pk": 17, "fields": {"first_name": "Tanay", "last_name": "Daly", "email": "tanya@mail.com", "phone": "0552194572", "address": "str. 12", "date_of_delivery": "2019-05-16T16:54:20.441Z", "created": "2019-05-16T16:54:20.441Z", "updated": "2019-05-16T16:54:20.441Z", "comments": "no comments", "status": "\u041f\u0440\u0438\u043d\u044f\u0442 \u0432 \u043e\u0431\u0440\u0430\u0431\u043e\u0442\u043a\u0443"}}, {"model": "orders.order", "pk": 18, "fields": {"first_name": "Tanay", "last_name": "Daly", "email": "tanya@mail.com", "phone": "0552194572", "address": "str. 12", "date_of_delivery": "2019-05-16T16:55:33.689Z", "created": "2019-05-16T16:55:33.689Z", "updated": "2019-05-16T16:55:33.689Z", "comments": "no comments", "status": "\u041f\u0440\u0438\u043d\u044f\u0442 \u0432 \u043e\u0431\u0440\u0430\u0431\u043e\u0442\u043a\u0443"}}, {"model": "orders.order", "pk": 19, "fields": {"first_name": "Diana", "last_name": "Paterson", "email": "alexandra.malyshenko94@gmail.com", "phone": "0552194572", "address": "str. 12", "date_of_delivery": "2019-05-16T16:56:28.106Z", "created": "2019-05-16T16:56:28.106Z", "updated": "2019-05-16T16:56:28.106Z", "comments": "no comments", "status": "\u041f\u0440\u0438\u043d\u044f\u0442 \u0432 \u043e\u0431\u0440\u0430\u0431\u043e\u0442\u043a\u0443"}}, {"model": "orders.order", "pk": 20, "fields": {"first_name": "Diana", "last_name": "Paterson", "email": "alexandra.malyshenko94@gmail.com", "phone": "0552194572", "address": "str. 12", "date_of_delivery": "2019-05-16T16:58:15.261Z", "created": "2019-05-16T16:58:15.261Z", "updated": "2019-05-16T16:58:15.261Z", "comments": "no comments", "status": "\u041f\u0440\u0438\u043d\u044f\u0442 \u0432 \u043e\u0431\u0440\u0430\u0431\u043e\u0442\u043a\u0443"}}, {"model": "orders.order", "pk": 21, "fields": {"first_name": "Diana", "last_name": "Paterson", "email": "alexandra.malyshenko94@gmail.com", "phone": "0552194572", "address": "str. 12", "date_of_delivery": "2019-05-16T16:59:18.198Z", "created": "2019-05-16T16:59:18.198Z", "updated": "2019-05-16T16:59:18.198Z", "comments": "no comments", "status": "\u041f\u0440\u0438\u043d\u044f\u0442 \u0432 \u043e\u0431\u0440\u0430\u0431\u043e\u0442\u043a\u0443"}}, {"model": "orders.orderitem", "pk": 1, "fields": {"order": 1, "product": 2, "price": "3078.00", "quantity": 2}}, {"model": "orders.orderitem", "pk": 2, "fields": {"order": 1, "product": 5, "price": "1050.00", "quantity": 1}}, {"model": "orders.orderitem", "pk": 3, "fields": {"order": 2, "product": 2, "price": "3078.00", "quantity": 2}}, {"model": "orders.orderitem", "pk": 4, "fields": {"order": 2, "product": 12, "price": "300.00", "quantity": 1}}, {"model": "orders.orderitem", "pk": 5, "fields": {"order": 3, "product": 12, "price": "300.00", "quantity": 2}}, {"model": "orders.orderitem", "pk": 6, "fields": {"order": 3, "product": 6, "price": "1950.00", "quantity": 1}}, {"model": "orders.orderitem", "pk": 24, "fields": {"order": 16, "product": 2, "price": "3078.00", "quantity": 1}}, {"model": "orders.orderitem", "pk": 25, "fields": {"order": 16, "product": 6, "price": "1950.00", "quantity": 1}}, {"model": "orders.orderitem", "pk": 26, "fields": {"order": 16, "product": 12, "price": "300.00", "quantity": 1}}, {"model": "orders.orderitem", "pk": 27, "fields": {"order": 17, "product": 2, "price": "3078.00", "quantity": 2}}, {"model": "orders.orderitem", "pk": 28, "fields": {"order": 17, "product": 4, "price": "2670.00", "quantity": 1}}, {"model": "orders.orderitem", "pk": 29, "fields": {"order": 18, "product": 2, "price": "3078.00", "quantity": 2}}, {"model": "orders.orderitem", "pk": 30, "fields": {"order": 18, "product": 4, "price": "2670.00", "quantity": 1}}, {"model": "orders.orderitem", "pk": 31, "fields": {"order": 19, "product": 3, "price": "1230.00", "quantity": 2}}, {"model": "auth.permission", "pk": 1, "fields": {"name": "Can add log entry", "content_type": 1, "codename": "add_logentry"}}, {"model": "auth.permission", "pk": 2, "fields": {"name": "Can change log entry", "content_type": 1, "codename": "change_logentry"}}, {"model": "auth.permission", "pk": 3, "fields": {"name": "Can delete log entry", "content_type": 1, "codename": "delete_logentry"}}, {"model": "auth.permission", "pk": 4, "fields": {"name": "Can add group", "content_type": 2, "codename": "add_group"}}, {"model": "auth.permission", "pk": 5, "fields": {"name": "Can change group", "content_type": 2, "codename": "change_group"}}, {"model": "auth.permission", "pk": 6, "fields": {"name": "Can delete group", "content_type": 2, "codename": "delete_group"}}, {"model": "auth.permission", "pk": 7, "fields": {"name": "Can add permission", "content_type": 3, "codename": "add_permission"}}, {"model": "auth.permission", "pk": 8, "fields": {"name": "Can change permission", "content_type": 3, "codename": "change_permission"}}, {"model": "auth.permission", "pk": 9, "fields": {"name": "Can delete permission", "content_type": 3, "codename": "delete_permission"}}, {"model": "auth.permission", "pk": 10, "fields": {"name": "Can add user", "content_type": 4, "codename": "add_user"}}, {"model": "auth.permission", "pk": 11, "fields": {"name": "Can change user", "content_type": 4, "codename": "change_user"}}, {"model": "auth.permission", "pk": 12, "fields": {"name": "Can delete user", "content_type": 4, "codename": "delete_user"}}, {"model": "auth.permission", "pk": 13, "fields": {"name": "Can add content type", "content_type": 5, "codename": "add_contenttype"}}, {"model": "auth.permission", "pk": 14, "fields": {"name": "Can change content type", "content_type": 5, "codename": "change_contenttype"}}, {"model": "auth.permission", "pk": 15, "fields": {"name": "Can delete content type", "content_type": 5, "codename": "delete_contenttype"}}, {"model": "auth.permission", "pk": 16, "fields": {"name": "Can add session", "content_type": 6, "codename": "add_session"}}, {"model": "auth.permission", "pk": 17, "fields": {"name": "Can change session", "content_type": 6, "codename": "change_session"}}, {"model": "auth.permission", "pk": 18, "fields": {"name": "Can delete session", "content_type": 6, "codename": "delete_session"}}, {"model": "auth.permission", "pk": 19, "fields": {"name": "Can add category", "content_type": 7, "codename": "add_category"}}, {"model": "auth.permission", "pk": 20, "fields": {"name": "Can change category", "content_type": 7, "codename": "change_category"}}, {"model": "auth.permission", "pk": 21, "fields": {"name": "Can delete category", "content_type": 7, "codename": "delete_category"}}, {"model": "auth.permission", "pk": 22, "fields": {"name": "Can add brand", "content_type": 8, "codename": "add_brand"}}, {"model": "auth.permission", "pk": 23, "fields": {"name": "Can change brand", "content_type": 8, "codename": "change_brand"}}, {"model": "auth.permission", "pk": 24, "fields": {"name": "Can delete brand", "content_type": 8, "codename": "delete_brand"}}, {"model": "auth.permission", "pk": 25, "fields": {"name": "Can add product", "content_type": 9, "codename": "add_product"}}, {"model": "auth.permission", "pk": 26, "fields": {"name": "Can change product", "content_type": 9, "codename": "change_product"}}, {"model": "auth.permission", "pk": 27, "fields": {"name": "Can delete product", "content_type": 9, "codename": "delete_product"}}, {"model": "auth.permission", "pk": 28, "fields": {"name": "Can add cart item", "content_type": 10, "codename": "add_cartitem"}}, {"model": "auth.permission", "pk": 29, "fields": {"name": "Can change cart item", "content_type": 10, "codename": "change_cartitem"}}, {"model": "auth.permission", "pk": 30, "fields": {"name": "Can delete cart item", "content_type": 10, "codename": "delete_cartitem"}}, {"model": "auth.permission", "pk": 31, "fields": {"name": "Can add cart", "content_type": 11, "codename": "add_cart"}}, {"model": "auth.permission", "pk": 32, "fields": {"name": "Can change cart", "content_type": 11, "codename": "change_cart"}}, {"model": "auth.permission", "pk": 33, "fields": {"name": "Can delete cart", "content_type": 11, "codename": "delete_cart"}}, {"model": "auth.permission", "pk": 34, "fields": {"name": "Can add order", "content_type": 12, "codename": "add_order"}}, {"model": "auth.permission", "pk": 35, "fields": {"name": "Can change order", "content_type": 12, "codename": "change_order"}}, {"model": "auth.permission", "pk": 36, "fields": {"name": "Can delete order", "content_type": 12, "codename": "delete_order"}}, {"model": "auth.permission", "pk": 37, "fields": {"name": "Can add order item", "content_type": 13, "codename": "add_orderitem"}}, {"model": "auth.permission", "pk": 38, "fields": {"name": "Can change order item", "content_type": 13, "codename": "change_orderitem"}}, {"model": "auth.permission", "pk": 39, "fields": {"name": "Can delete order item", "content_type": 13, "codename": "delete_orderitem"}}, {"model": "auth.permission", "pk": 40, "fields": {"name": "Can add \u0417\u0430\u043a\u0430\u0437", "content_type": 14, "codename": "add_order"}}, {"model": "auth.permission", "pk": 41, "fields": {"name": "Can change \u0417\u0430\u043a\u0430\u0437", "content_type": 14, "codename": "change_order"}}, {"model": "auth.permission", "pk": 42, "fields": {"name": "Can delete \u0417\u0430\u043a\u0430\u0437", "content_type": 14, "codename": "delete_order"}}, {"model": "auth.permission", "pk": 43, "fields": {"name": "Can add \u0422\u043e\u0432\u0430\u0440", "content_type": 15, "codename": "add_orderitem"}}, {"model": "auth.permission", "pk": 44, "fields": {"name": "Can change \u0422\u043e\u0432\u0430\u0440", "content_type": 15, "codename": "change_orderitem"}}, {"model": "auth.permission", "pk": 45, "fields": {"name": "Can delete \u0422\u043e\u0432\u0430\u0440", "content_type": 15, "codename": "delete_orderitem"}}, {"model": "auth.permission", "pk": 46, "fields": {"name": "Can view log entry", "content_type": 1, "codename": "view_logentry"}}, {"model": "auth.permission", "pk": 47, "fields": {"name": "Can view group", "content_type": 2, "codename": "view_group"}}, {"model": "auth.permission", "pk": 48, "fields": {"name": "Can view permission", "content_type": 3, "codename": "view_permission"}}, {"model": "auth.permission", "pk": 49, "fields": {"name": "Can view user", "content_type": 4, "codename": "view_user"}}, {"model": "auth.permission", "pk": 50, "fields": {"name": "Can view content type", "content_type": 5, "codename": "view_contenttype"}}, {"model": "auth.permission", "pk": 51, "fields": {"name": "Can view session", "content_type": 6, "codename": "view_session"}}, {"model": "auth.permission", "pk": 52, "fields": {"name": "Can view \u041f\u0440\u043e\u0434\u0443\u043a\u0442", "content_type": 9, "codename": "view_product"}}, {"model": "auth.permission", "pk": 53, "fields": {"name": "Can view \u041a\u0430\u0442\u0435\u0433\u043e\u0440\u0438\u044f", "content_type": 7, "codename": "view_category"}}, {"model": "auth.permission", "pk": 54, "fields": {"name": "Can view \u0411\u0440\u0435\u043d\u0434", "content_type": 8, "codename": "view_brand"}}, {"model": "auth.permission", "pk": 55, "fields": {"name": "Can view \u0422\u043e\u0432\u0430\u0440", "content_type": 15, "codename": "view_orderitem"}}, {"model": "auth.permission", "pk": 56, "fields": {"name": "Can view \u0417\u0430\u043a\u0430\u0437", "content_type": 14, "codename": "view_order"}}, {"model": "auth.permission", "pk": 57, "fields": {"name": "Can add cart add product model", "content_type": 16, "codename": "add_cartaddproductmodel"}}, {"model": "auth.permission", "pk": 58, "fields": {"name": "Can change cart add product model", "content_type": 16, "codename": "change_cartaddproductmodel"}}, {"model": "auth.permission", "pk": 59, "fields": {"name": "Can delete cart add product model", "content_type": 16, "codename": "delete_cartaddproductmodel"}}, {"model": "auth.permission", "pk": 60, "fields": {"name": "Can view cart add product model", "content_type": 16, "codename": "view_cartaddproductmodel"}}, {"model": "auth.permission", "pk": 61, "fields": {"name": "Can add change product price", "content_type": 17, "codename": "add_changeproductprice"}}, {"model": "auth.permission", "pk": 62, "fields": {"name": "Can change change product price", "content_type": 17, "codename": "change_changeproductprice"}}, {"model": "auth.permission", "pk": 63, "fields": {"name": "Can delete change product price", "content_type": 17, "codename": "delete_changeproductprice"}}, {"model": "auth.permission", "pk": 64, "fields": {"name": "Can view change product price", "content_type": 17, "codename": "view_changeproductprice"}}, {"model": "auth.user", "pk": 1, "fields": {"password": "pbkdf2_sha256$150000$fSLRsFZVCyPw$4loS7mu508KmAz1RehVVwVrqKHUz79KeAjsRuhHUeDk=", "last_login": "2019-05-17T09:42:04.508Z", "is_superuser": true, "username": "admin", "first_name": "", "last_name": "", "email": "", "is_staff": true, "is_active": true, "date_joined": "2019-04-03T09:40:59.055Z", "groups": [], "user_permissions": []}}, {"model": "auth.user", "pk": 2, "fields": {"password": "pbkdf2_sha256$36000$E9fP3CIV5P5Z$egyT9cE/rOnqSCd1tRuSlK3nOWE0ZRCSyqaxlQL7alc=", "last_login": "2019-04-23T16:03:28.122Z", "is_superuser": false, "username": "alex", "first_name": "Alexia", "last_name": "Daly", "email": "alexia@email.com", "is_staff": false, "is_active": true, "date_joined": "2019-04-23T16:03:27.639Z", "groups": [], "user_permissions": []}}, {"model": "admin.logentry", "pk": 1, "fields": {"action_time": "2019-04-04T11:41:27.552Z", "user": 1, "content_type": 7, "object_id": "1", "object_repr": "Category object", "action_flag": 1, "change_message": "[{\"added\": {}}]"}}, {"model": "admin.logentry", "pk": 2, "fields": {"action_time": "2019-04-04T11:46:50.695Z", "user": 1, "content_type": 8, "object_id": "1", "object_repr": "Royal Canin", "action_flag": 1, "change_message": "[{\"added\": {}}]"}}, {"model": "admin.logentry", "pk": 3, "fields": {"action_time": "2019-04-04T12:26:44.580Z", "user": 1, "content_type": 9, "object_id": "1", "object_repr": "\u0421\u0443\u0445\u043e\u0439 \u043a\u043e\u0440\u043c \u0434\u043b\u044f \u043a\u043e\u0442\u043e\u0432 \u0431\u044b\u0432\u0430\u044e\u0449\u0438\u0445 \u043d\u0430 \u0443\u043b\u0438\u0446\u0435", "action_flag": 1, "change_message": "[{\"added\": {}}]"}}, {"model": "admin.logentry", "pk": 4, "fields": {"action_time": "2019-04-04T12:49:49.556Z", "user": 1, "content_type": 7, "object_id": "2", "object_repr": "\u0416\u0438\u0434\u043a\u0438\u0439 \u043a\u043e\u0440\u043c \u0434\u043b\u044f \u043a\u043e\u0442\u043e\u0432", "action_flag": 1, "change_message": "[{\"added\": {}}]"}}, {"model": "admin.logentry", "pk": 5, "fields": {"action_time": "2019-04-10T15:35:58.601Z", "user": 1, "content_type": 8, "object_id": "1", "object_repr": "Royal Canin", "action_flag": 3, "change_message": ""}}, {"model": "admin.logentry", "pk": 6, "fields": {"action_time": "2019-04-10T15:36:06.051Z", "user": 1, "content_type": 7, "object_id": "2", "object_repr": "\u0416\u0438\u0434\u043a\u0438\u0439 \u043a\u043e\u0440\u043c \u0434\u043b\u044f \u043a\u043e\u0442\u043e\u0432", "action_flag": 3, "change_message": ""}}, {"model": "admin.logentry", "pk": 7, "fields": {"action_time": "2019-04-10T15:36:09.675Z", "user": 1, "content_type": 7, "object_id": "1", "object_repr": "\u0421\u0443\u0445\u043e\u0439 \u043a\u043e\u0440\u043c \u0434\u043b\u044f \u043a\u043e\u0442\u043e\u0432", "action_flag": 3, "change_message": ""}}, {"model": "admin.logentry", "pk": 8, "fields": {"action_time": "2019-04-10T15:51:30.813Z", "user": 1, "content_type": 8, "object_id": "2", "object_repr": "\u041c\u043e\u0442\u043e\u0440\u043d\u044b\u0435 \u043c\u0430\u0441\u043b\u0430", "action_flag": 1, "change_message": "[{\"added\": {}}]"}}, {"model": "admin.logentry", "pk": 9, "fields": {"action_time": "2019-04-10T15:52:02.442Z", "user": 1, "content_type": 8, "object_id": "3", "object_repr": "\u0422\u0440\u0430\u043d\u0441\u043c\u0438\u0441\u0441\u0438\u043e\u043d\u043d\u044b\u0435 \u043c\u0430\u0441\u043b\u0430", "action_flag": 1, "change_message": "[{\"added\": {}}]"}}, {"model": "admin.logentry", "pk": 10, "fields": {"action_time": "2019-04-10T15:53:01.193Z", "user": 1, "content_type": 8, "object_id": "4", "object_repr": "\u041f\u0440\u0438\u0441\u0430\u0434\u043a\u0430 \u043a \u043c\u0430\u0441\u043b\u0430\u043c", "action_flag": 1, "change_message": "[{\"added\": {}}]"}}, {"model": "admin.logentry", "pk": 11, "fields": {"action_time": "2019-04-10T15:53:37.190Z", "user": 1, "content_type": 8, "object_id": "5", "object_repr": "\u041f\u0440\u043e\u043c\u044b\u0432\u043a\u0430 \u043c\u0430\u0441\u043b\u044f\u043d\u043e\u0439 \u0441\u0438\u0441\u0442\u0435\u043c\u044b", "action_flag": 1, "change_message": "[{\"added\": {}}]"}}, {"model": "admin.logentry", "pk": 12, "fields": {"action_time": "2019-04-10T15:54:06.211Z", "user": 1, "content_type": 8, "object_id": "5", "object_repr": "\u041f\u0440\u043e\u043c\u044b\u0432\u043a\u0430 \u043c\u0430\u0441\u043b\u044f\u043d\u043e\u0439 \u0441\u0438\u0441\u0442\u0435\u043c\u044b", "action_flag": 3, "change_message": ""}}, {"model": "admin.logentry", "pk": 13, "fields": {"action_time": "2019-04-10T15:54:12.159Z", "user": 1, "content_type": 8, "object_id": "4", "object_repr": "\u041f\u0440\u0438\u0441\u0430\u0434\u043a\u0430 \u043a \u043c\u0430\u0441\u043b\u0430\u043c", "action_flag": 3, "change_message": ""}}, {"model": "admin.logentry", "pk": 14, "fields": {"action_time": "2019-04-10T15:54:15.432Z", "user": 1, "content_type": 8, "object_id": "3", "object_repr": "\u0422\u0440\u0430\u043d\u0441\u043c\u0438\u0441\u0441\u0438\u043e\u043d\u043d\u044b\u0435 \u043c\u0430\u0441\u043b\u0430", "action_flag": 3, "change_message": ""}}, {"model": "admin.logentry", "pk": 15, "fields": {"action_time": "2019-04-10T15:54:18.039Z", "user": 1, "content_type": 8, "object_id": "2", "object_repr": "\u041c\u043e\u0442\u043e\u0440\u043d\u044b\u0435 \u043c\u0430\u0441\u043b\u0430", "action_flag": 3, "change_message": ""}}, {"model": "admin.logentry", "pk": 16, "fields": {"action_time": "2019-04-10T15:55:00.840Z", "user": 1, "content_type": 7, "object_id": "3", "object_repr": "\u041c\u043e\u0442\u043e\u0440\u043d\u044b\u0435 \u043c\u0430\u0441\u043b\u0430", "action_flag": 1, "change_message": "[{\"added\": {}}]"}}, {"model": "admin.logentry", "pk": 17, "fields": {"action_time": "2019-04-10T15:55:13.922Z", "user": 1, "content_type": 7, "object_id": "4", "object_repr": "\u0422\u0440\u0430", "action_flag": 1, "change_message": "[{\"added\": {}}]"}}, {"model": "admin.logentry", "pk": 18, "fields": {"action_time": "2019-04-10T15:55:17.921Z", "user": 1, "content_type": 7, "object_id": "4", "object_repr": "\u0422\u0440\u0430", "action_flag": 3, "change_message": ""}}, {"model": "admin.logentry", "pk": 19, "fields": {"action_time": "2019-04-10T15:55:37.961Z", "user": 1, "content_type": 7, "object_id": "5", "object_repr": "\u0422\u0440\u0430\u043d\u0441\u043c\u0438\u0441\u0441\u0438\u043e\u043d\u043d\u044b\u0435 \u043c\u0430\u0441\u043b\u0430", "action_flag": 1, "change_message": "[{\"added\": {}}]"}}, {"model": "admin.logentry", "pk": 20, "fields": {"action_time": "2019-04-10T15:56:24.879Z", "user": 1, "content_type": 7, "object_id": "6", "object_repr": "\u041f\u0440\u043e\u043c\u044b\u0432\u043e\u0447\u043d\u044b\u0435 \u043c\u0430\u0441\u043b\u0430", "action_flag": 1, "change_message": "[{\"added\": {}}]"}}, {"model": "admin.logentry", "pk": 21, "fields": {"action_time": "2019-04-10T15:56:58.920Z", "user": 1, "content_type": 7, "object_id": "7", "object_repr": "\u041f\u0440\u0438\u0441\u0430\u0434\u043a\u0430 \u043a \u043c\u0430\u0441\u043b\u0430\u043c", "action_flag": 1, "change_message": "[{\"added\": {}}]"}}, {"model": "admin.logentry", "pk": 22, "fields": {"action_time": "2019-04-10T16:28:43.063Z", "user": 1, "content_type": 8, "object_id": "6", "object_repr": "Mobil", "action_flag": 1, "change_message": "[{\"added\": {}}]"}}, {"model": "admin.logentry", "pk": 23, "fields": {"action_time": "2019-04-10T16:42:37.522Z", "user": 1, "content_type": 8, "object_id": "7", "object_repr": "Comma", "action_flag": 1, "change_message": "[{\"added\": {}}]"}}, {"model": "admin.logentry", "pk": 24, "fields": {"action_time": "2019-04-10T16:42:50.174Z", "user": 1, "content_type": 8, "object_id": "8", "object_repr": "Shell", "action_flag": 1, "change_message": "[{\"added\": {}}]"}}, {"model": "admin.logentry", "pk": 25, "fields": {"action_time": "2019-04-10T16:43:51.019Z", "user": 1, "content_type": 8, "object_id": "9", "object_repr": "LIQUI MOLY", "action_flag": 1, "change_message": "[{\"added\": {}}]"}}, {"model": "admin.logentry", "pk": 26, "fields": {"action_time": "2019-04-10T16:52:53.237Z", "user": 1, "content_type": 9, "object_id": "2", "object_repr": "\u041c\u043e\u0442\u043e\u0440\u043d\u043e\u0435 \u043c\u0430\u0441\u043b\u043e LIQUI MOLY Synthoil Longtime 0W-30 8977 5\u043b", "action_flag": 1, "change_message": "[{\"added\": {}}]"}}, {"model": "admin.logentry", "pk": 27, "fields": {"action_time": "2019-04-11T17:58:00.253Z", "user": 1, "content_type": 9, "object_id": "3", "object_repr": "\u041c\u043e\u0442\u043e\u0440\u043d\u043e\u0435 \u043c\u0430\u0441\u043b\u043e MOBIL 1 0W-20 4\u043b", "action_flag": 1, "change_message": "[{\"added\": {}}]"}}, {"model": "admin.logentry", "pk": 28, "fields": {"action_time": "2019-04-11T18:05:59.854Z", "user": 1, "content_type": 9, "object_id": "4", "object_repr": "\u041c\u043e\u0442\u043e\u0440\u043d\u043e\u0435 \u043c\u0430\u0441\u043b\u043e Comma ECO-LLP 0W-20 5\u043b", "action_flag": 1, "change_message": "[{\"added\": {}}]"}}, {"model": "admin.logentry", "pk": 29, "fields": {"action_time": "2019-04-11T18:08:11.608Z", "user": 1, "content_type": 9, "object_id": "5", "object_repr": "\u041c\u043e\u0442\u043e\u0440\u043d\u043e\u0435 \u043c\u0430\u0441\u043b\u043e SHELL Helix Ultra Professional AR-L 5W-30 5\u043b", "action_flag": 1, "change_message": "[{\"added\": {}}]"}}, {"model": "admin.logentry", "pk": 30, "fields": {"action_time": "2019-04-12T13:01:41.951Z", "user": 1, "content_type": 9, "object_id": "2", "object_repr": "\u041c\u043e\u0442\u043e\u0440\u043d\u043e\u0435 \u043c\u0430\u0441\u043b\u043e LIQUI MOLY Synthoil Longtime 0W-30 8977 5\u043b", "action_flag": 2, "change_message": "[{\"changed\": {\"fields\": [\"available\"]}}]"}}, {"model": "admin.logentry", "pk": 31, "fields": {"action_time": "2019-04-12T13:44:24.420Z", "user": 1, "content_type": 9, "object_id": "2", "object_repr": "\u041c\u043e\u0442\u043e\u0440\u043d\u043e\u0435 \u043c\u0430\u0441\u043b\u043e LIQUI MOLY Synthoil Longtime 0W-30 8977 5\u043b", "action_flag": 2, "change_message": "[{\"changed\": {\"fields\": [\"available\"]}}]"}}, {"model": "admin.logentry", "pk": 32, "fields": {"action_time": "2019-04-12T14:47:04.104Z", "user": 1, "content_type": 9, "object_id": "6", "object_repr": "\u0422\u0440\u0430\u043d\u0441\u043c\u0438\u0441\u0441\u0438\u043e\u043d\u043d\u043e\u0435 \u043c\u0430\u0441\u043b\u043e LIQUI MOLY Top Tec ATF 1200 8040 5\u043b", "action_flag": 1, "change_message": "[{\"added\": {}}]"}}, {"model": "admin.logentry", "pk": 33, "fields": {"action_time": "2019-04-12T14:48:18.569Z", "user": 1, "content_type": 9, "object_id": "7", "object_repr": "\u0422\u0440\u0430\u043d\u0441\u043c\u0438\u0441\u0441\u0438\u043e\u043d\u043d\u043e\u0435 \u043c\u0430\u0441\u043b\u043e Comma MVMTF PLUS 75W 5\u043b", "action_flag": 1, "change_message": "[{\"added\": {}}]"}}, {"model": "admin.logentry", "pk": 34, "fields": {"action_time": "2019-04-12T14:50:53.398Z", "user": 1, "content_type": 9, "object_id": "8", "object_repr": "\u0422\u0440\u0430\u043d\u0441\u043c\u0438\u0441\u0441\u0438\u043e\u043d\u043d\u043e\u0435 \u043c\u0430\u0441\u043b\u043e SHELL Spirax S6 GXME 75W-80 1\u043b", "action_flag": 1, "change_message": "[{\"added\": {}}]"}}, {"model": "admin.logentry", "pk": 35, "fields": {"action_time": "2019-04-12T14:52:26.717Z", "user": 1, "content_type": 9, "object_id": "9", "object_repr": "\u041f\u0440\u043e\u043c\u044b\u0432\u043a\u0430 \u043c\u0430\u0441\u043b\u044f\u043d\u043e\u0439 \u0441\u0438\u0441\u0442\u0435\u043c\u044b Comma FLUSH OUT 5\u043b", "action_flag": 1, "change_message": "[{\"added\": {}}]"}}, {"model": "admin.logentry", "pk": 36, "fields": {"action_time": "2019-04-12T14:53:23.797Z", "user": 1, "content_type": 9, "object_id": "10", "object_repr": "\u041f\u0440\u043e\u043c\u044b\u0432\u043a\u0430 \u043c\u0430\u0441\u043b\u044f\u043d\u043e\u0439 \u0441\u0438\u0441\u0442\u0435\u043c\u044b LIQUI MOLY MOTORCLEAN 1883 0.5\u043b", "action_flag": 1, "change_message": "[{\"added\": {}}]"}}, {"model": "admin.logentry", "pk": 37, "fields": {"action_time": "2019-04-12T14:55:59.522Z", "user": 1, "content_type": 9, "object_id": "11", "object_repr": "\u041a\u043e\u043c\u043f\u043b\u0435\u043a\u0441\u043d\u0430\u044f \u043f\u0440\u0438\u0441\u0430\u0434\u043a\u0430 LIQUI MOLY Molygen Motor Protect 9050 500\u043c\u043b", "action_flag": 1, "change_message": "[{\"added\": {}}]"}}, {"model": "admin.logentry", "pk": 38, "fields": {"action_time": "2019-04-12T14:57:34.552Z", "user": 1, "content_type": 9, "object_id": "12", "object_repr": "\u041a\u043e\u043c\u043f\u043b\u0435\u043a\u0441\u043d\u0430\u044f \u043f\u0440\u0438\u0441\u0430\u0434\u043a\u0430 LIQUI MOLY Oil Additiv MoS2 1998 300\u043c\u043b", "action_flag": 1, "change_message": "[{\"added\": {}}]"}}, {"model": "admin.logentry", "pk": 39, "fields": {"action_time": "2019-04-15T11:55:57.464Z", "user": 1, "content_type": 11, "object_id": "1", "object_repr": "1", "action_flag": 1, "change_message": "[{\"added\": {}}]"}}, {"model": "admin.logentry", "pk": 40, "fields": {"action_time": "2019-04-15T15:32:58.388Z", "user": 1, "content_type": 11, "object_id": "25", "object_repr": "25", "action_flag": 3, "change_message": ""}}, {"model": "admin.logentry", "pk": 41, "fields": {"action_time": "2019-04-15T15:32:58.481Z", "user": 1, "content_type": 11, "object_id": "24", "object_repr": "24", "action_flag": 3, "change_message": ""}}, {"model": "admin.logentry", "pk": 42, "fields": {"action_time": "2019-04-15T15:32:58.552Z", "user": 1, "content_type": 11, "object_id": "23", "object_repr": "23", "action_flag": 3, "change_message": ""}}, {"model": "admin.logentry", "pk": 43, "fields": {"action_time": "2019-04-15T15:32:58.627Z", "user": 1, "content_type": 11, "object_id": "22", "object_repr": "22", "action_flag": 3, "change_message": ""}}, {"model": "admin.logentry", "pk": 44, "fields": {"action_time": "2019-04-15T15:32:58.715Z", "user": 1, "content_type": 11, "object_id": "21", "object_repr": "21", "action_flag": 3, "change_message": ""}}, {"model": "admin.logentry", "pk": 45, "fields": {"action_time": "2019-04-15T15:32:58.785Z", "user": 1, "content_type": 11, "object_id": "20", "object_repr": "20", "action_flag": 3, "change_message": ""}}, {"model": "admin.logentry", "pk": 46, "fields": {"action_time": "2019-04-15T15:32:58.851Z", "user": 1, "content_type": 11, "object_id": "19", "object_repr": "19", "action_flag": 3, "change_message": ""}}, {"model": "admin.logentry", "pk": 47, "fields": {"action_time": "2019-04-15T15:32:58.918Z", "user": 1, "content_type": 11, "object_id": "18", "object_repr": "18", "action_flag": 3, "change_message": ""}}, {"model": "admin.logentry", "pk": 48, "fields": {"action_time": "2019-04-15T15:32:58.984Z", "user": 1, "content_type": 11, "object_id": "17", "object_repr": "17", "action_flag": 3, "change_message": ""}}, {"model": "admin.logentry", "pk": 49, "fields": {"action_time": "2019-04-15T15:32:59.051Z", "user": 1, "content_type": 11, "object_id": "16", "object_repr": "16", "action_flag": 3, "change_message": ""}}, {"model": "admin.logentry", "pk": 50, "fields": {"action_time": "2019-04-15T15:32:59.118Z", "user": 1, "content_type": 11, "object_id": "15", "object_repr": "15", "action_flag": 3, "change_message": ""}}, {"model": "admin.logentry", "pk": 51, "fields": {"action_time": "2019-04-15T15:32:59.184Z", "user": 1, "content_type": 11, "object_id": "14", "object_repr": "14", "action_flag": 3, "change_message": ""}}, {"model": "admin.logentry", "pk": 52, "fields": {"action_time": "2019-04-15T15:32:59.251Z", "user": 1, "content_type": 11, "object_id": "13", "object_repr": "13", "action_flag": 3, "change_message": ""}}, {"model": "admin.logentry", "pk": 53, "fields": {"action_time": "2019-04-15T15:32:59.317Z", "user": 1, "content_type": 11, "object_id": "12", "object_repr": "12", "action_flag": 3, "change_message": ""}}, {"model": "admin.logentry", "pk": 54, "fields": {"action_time": "2019-04-15T15:32:59.384Z", "user": 1, "content_type": 11, "object_id": "11", "object_repr": "11", "action_flag": 3, "change_message": ""}}, {"model": "admin.logentry", "pk": 55, "fields": {"action_time": "2019-04-15T15:32:59.534Z", "user": 1, "content_type": 11, "object_id": "10", "object_repr": "10", "action_flag": 3, "change_message": ""}}, {"model": "admin.logentry", "pk": 56, "fields": {"action_time": "2019-04-15T15:32:59.601Z", "user": 1, "content_type": 11, "object_id": "9", "object_repr": "9", "action_flag": 3, "change_message": ""}}, {"model": "admin.logentry", "pk": 57, "fields": {"action_time": "2019-04-15T15:32:59.667Z", "user": 1, "content_type": 11, "object_id": "8", "object_repr": "8", "action_flag": 3, "change_message": ""}}, {"model": "admin.logentry", "pk": 58, "fields": {"action_time": "2019-04-15T15:32:59.734Z", "user": 1, "content_type": 11, "object_id": "7", "object_repr": "7", "action_flag": 3, "change_message": ""}}, {"model": "admin.logentry", "pk": 59, "fields": {"action_time": "2019-04-15T15:32:59.800Z", "user": 1, "content_type": 11, "object_id": "6", "object_repr": "6", "action_flag": 3, "change_message": ""}}, {"model": "admin.logentry", "pk": 60, "fields": {"action_time": "2019-04-15T15:32:59.867Z", "user": 1, "content_type": 11, "object_id": "5", "object_repr": "5", "action_flag": 3, "change_message": ""}}, {"model": "admin.logentry", "pk": 61, "fields": {"action_time": "2019-04-15T15:32:59.958Z", "user": 1, "content_type": 11, "object_id": "4", "object_repr": "4", "action_flag": 3, "change_message": ""}}, {"model": "admin.logentry", "pk": 62, "fields": {"action_time": "2019-04-15T15:33:00.025Z", "user": 1, "content_type": 11, "object_id": "3", "object_repr": "3", "action_flag": 3, "change_message": ""}}, {"model": "admin.logentry", "pk": 63, "fields": {"action_time": "2019-04-15T15:33:00.092Z", "user": 1, "content_type": 11, "object_id": "2", "object_repr": "2", "action_flag": 3, "change_message": ""}}, {"model": "admin.logentry", "pk": 64, "fields": {"action_time": "2019-04-15T15:33:00.175Z", "user": 1, "content_type": 11, "object_id": "1", "object_repr": "1", "action_flag": 3, "change_message": ""}}, {"model": "admin.logentry", "pk": 65, "fields": {"action_time": "2019-04-15T15:40:15.303Z", "user": 1, "content_type": 11, "object_id": "39", "object_repr": "39", "action_flag": 3, "change_message": ""}}, {"model": "admin.logentry", "pk": 66, "fields": {"action_time": "2019-04-15T15:40:15.408Z", "user": 1, "content_type": 11, "object_id": "38", "object_repr": "38", "action_flag": 3, "change_message": ""}}, {"model": "admin.logentry", "pk": 67, "fields": {"action_time": "2019-04-15T15:40:15.471Z", "user": 1, "content_type": 11, "object_id": "37", "object_repr": "37", "action_flag": 3, "change_message": ""}}, {"model": "admin.logentry", "pk": 68, "fields": {"action_time": "2019-04-15T15:40:15.537Z", "user": 1, "content_type": 11, "object_id": "36", "object_repr": "36", "action_flag": 3, "change_message": ""}}, {"model": "admin.logentry", "pk": 69, "fields": {"action_time": "2019-04-15T15:40:15.604Z", "user": 1, "content_type": 11, "object_id": "35", "object_repr": "35", "action_flag": 3, "change_message": ""}}, {"model": "admin.logentry", "pk": 70, "fields": {"action_time": "2019-04-15T15:40:15.671Z", "user": 1, "content_type": 11, "object_id": "34", "object_repr": "34", "action_flag": 3, "change_message": ""}}, {"model": "admin.logentry", "pk": 71, "fields": {"action_time": "2019-04-15T15:40:15.737Z", "user": 1, "content_type": 11, "object_id": "33", "object_repr": "33", "action_flag": 3, "change_message": ""}}, {"model": "admin.logentry", "pk": 72, "fields": {"action_time": "2019-04-15T15:40:15.799Z", "user": 1, "content_type": 11, "object_id": "32", "object_repr": "32", "action_flag": 3, "change_message": ""}}, {"model": "admin.logentry", "pk": 73, "fields": {"action_time": "2019-04-15T15:40:15.870Z", "user": 1, "content_type": 11, "object_id": "31", "object_repr": "31", "action_flag": 3, "change_message": ""}}, {"model": "admin.logentry", "pk": 74, "fields": {"action_time": "2019-04-15T15:40:15.954Z", "user": 1, "content_type": 11, "object_id": "30", "object_repr": "30", "action_flag": 3, "change_message": ""}}, {"model": "admin.logentry", "pk": 75, "fields": {"action_time": "2019-04-15T15:40:16.016Z", "user": 1, "content_type": 11, "object_id": "29", "object_repr": "29", "action_flag": 3, "change_message": ""}}, {"model": "admin.logentry", "pk": 76, "fields": {"action_time": "2019-04-15T15:40:16.078Z", "user": 1, "content_type": 11, "object_id": "28", "object_repr": "28", "action_flag": 3, "change_message": ""}}, {"model": "admin.logentry", "pk": 77, "fields": {"action_time": "2019-04-15T15:40:16.140Z", "user": 1, "content_type": 11, "object_id": "27", "object_repr": "27", "action_flag": 3, "change_message": ""}}, {"model": "admin.logentry", "pk": 78, "fields": {"action_time": "2019-04-15T15:40:16.207Z", "user": 1, "content_type": 11, "object_id": "26", "object_repr": "26", "action_flag": 3, "change_message": ""}}, {"model": "admin.logentry", "pk": 79, "fields": {"action_time": "2019-04-15T15:44:33.225Z", "user": 1, "content_type": 11, "object_id": "43", "object_repr": "43", "action_flag": 3, "change_message": ""}}, {"model": "admin.logentry", "pk": 80, "fields": {"action_time": "2019-04-15T15:44:33.289Z", "user": 1, "content_type": 11, "object_id": "42", "object_repr": "42", "action_flag": 3, "change_message": ""}}, {"model": "admin.logentry", "pk": 81, "fields": {"action_time": "2019-04-15T15:44:33.356Z", "user": 1, "content_type": 11, "object_id": "41", "object_repr": "41", "action_flag": 3, "change_message": ""}}, {"model": "admin.logentry", "pk": 82, "fields": {"action_time": "2019-04-15T15:44:33.423Z", "user": 1, "content_type": 11, "object_id": "40", "object_repr": "40", "action_flag": 3, "change_message": ""}}, {"model": "admin.logentry", "pk": 83, "fields": {"action_time": "2019-04-15T15:44:39.085Z", "user": 1, "content_type": 11, "object_id": "48", "object_repr": "48", "action_flag": 3, "change_message": ""}}, {"model": "admin.logentry", "pk": 84, "fields": {"action_time": "2019-04-15T15:44:39.163Z", "user": 1, "content_type": 11, "object_id": "47", "object_repr": "47", "action_flag": 3, "change_message": ""}}, {"model": "admin.logentry", "pk": 85, "fields": {"action_time": "2019-04-15T15:44:39.230Z", "user": 1, "content_type": 11, "object_id": "46", "object_repr": "46", "action_flag": 3, "change_message": ""}}, {"model": "admin.logentry", "pk": 86, "fields": {"action_time": "2019-04-15T15:44:39.308Z", "user": 1, "content_type": 11, "object_id": "45", "object_repr": "45", "action_flag": 3, "change_message": ""}}, {"model": "admin.logentry", "pk": 87, "fields": {"action_time": "2019-04-15T15:44:39.375Z", "user": 1, "content_type": 11, "object_id": "44", "object_repr": "44", "action_flag": 3, "change_message": ""}}, {"model": "admin.logentry", "pk": 88, "fields": {"action_time": "2019-04-15T16:38:59.679Z", "user": 1, "content_type": 11, "object_id": "93", "object_repr": "93", "action_flag": 3, "change_message": ""}}, {"model": "admin.logentry", "pk": 89, "fields": {"action_time": "2019-04-15T16:38:59.756Z", "user": 1, "content_type": 11, "object_id": "92", "object_repr": "92", "action_flag": 3, "change_message": ""}}, {"model": "admin.logentry", "pk": 90, "fields": {"action_time": "2019-04-15T16:38:59.831Z", "user": 1, "content_type": 11, "object_id": "91", "object_repr": "91", "action_flag": 3, "change_message": ""}}, {"model": "admin.logentry", "pk": 91, "fields": {"action_time": "2019-04-15T16:38:59.906Z", "user": 1, "content_type": 11, "object_id": "90", "object_repr": "90", "action_flag": 3, "change_message": ""}}, {"model": "admin.logentry", "pk": 92, "fields": {"action_time": "2019-04-15T16:38:59.989Z", "user": 1, "content_type": 11, "object_id": "89", "object_repr": "89", "action_flag": 3, "change_message": ""}}, {"model": "admin.logentry", "pk": 93, "fields": {"action_time": "2019-04-15T16:39:00.064Z", "user": 1, "content_type": 11, "object_id": "88", "object_repr": "88", "action_flag": 3, "change_message": ""}}, {"model": "admin.logentry", "pk": 94, "fields": {"action_time": "2019-04-15T16:39:00.155Z", "user": 1, "content_type": 11, "object_id": "87", "object_repr": "87", "action_flag": 3, "change_message": ""}}, {"model": "admin.logentry", "pk": 95, "fields": {"action_time": "2019-04-15T16:39:00.222Z", "user": 1, "content_type": 11, "object_id": "86", "object_repr": "86", "action_flag": 3, "change_message": ""}}, {"model": "admin.logentry", "pk": 96, "fields": {"action_time": "2019-04-15T16:39:00.289Z", "user": 1, "content_type": 11, "object_id": "85", "object_repr": "85", "action_flag": 3, "change_message": ""}}, {"model": "admin.logentry", "pk": 97, "fields": {"action_time": "2019-04-15T16:39:00.364Z", "user": 1, "content_type": 11, "object_id": "84", "object_repr": "84", "action_flag": 3, "change_message": ""}}, {"model": "admin.logentry", "pk": 98, "fields": {"action_time": "2019-04-15T16:39:00.438Z", "user": 1, "content_type": 11, "object_id": "83", "object_repr": "83", "action_flag": 3, "change_message": ""}}, {"model": "admin.logentry", "pk": 99, "fields": {"action_time": "2019-04-15T16:39:00.522Z", "user": 1, "content_type": 11, "object_id": "82", "object_repr": "82", "action_flag": 3, "change_message": ""}}, {"model": "admin.logentry", "pk": 100, "fields": {"action_time": "2019-04-15T16:39:00.588Z", "user": 1, "content_type": 11, "object_id": "81", "object_repr": "81", "action_flag": 3, "change_message": ""}}, {"model": "admin.logentry", "pk": 101, "fields": {"action_time": "2019-04-15T16:39:00.663Z", "user": 1, "content_type": 11, "object_id": "80", "object_repr": "80", "action_flag": 3, "change_message": ""}}, {"model": "admin.logentry", "pk": 102, "fields": {"action_time": "2019-04-15T16:39:00.730Z", "user": 1, "content_type": 11, "object_id": "79", "object_repr": "79", "action_flag": 3, "change_message": ""}}, {"model": "admin.logentry", "pk": 103, "fields": {"action_time": "2019-04-15T16:39:00.800Z", "user": 1, "content_type": 11, "object_id": "78", "object_repr": "78", "action_flag": 3, "change_message": ""}}, {"model": "admin.logentry", "pk": 104, "fields": {"action_time": "2019-04-15T16:39:00.871Z", "user": 1, "content_type": 11, "object_id": "77", "object_repr": "77", "action_flag": 3, "change_message": ""}}, {"model": "admin.logentry", "pk": 105, "fields": {"action_time": "2019-04-15T16:39:00.933Z", "user": 1, "content_type": 11, "object_id": "76", "object_repr": "76", "action_flag": 3, "change_message": ""}}, {"model": "admin.logentry", "pk": 106, "fields": {"action_time": "2019-04-15T16:39:00.996Z", "user": 1, "content_type": 11, "object_id": "75", "object_repr": "75", "action_flag": 3, "change_message": ""}}, {"model": "admin.logentry", "pk": 107, "fields": {"action_time": "2019-04-15T16:39:01.066Z", "user": 1, "content_type": 11, "object_id": "74", "object_repr": "74", "action_flag": 3, "change_message": ""}}, {"model": "admin.logentry", "pk": 108, "fields": {"action_time": "2019-04-15T16:39:01.141Z", "user": 1, "content_type": 11, "object_id": "73", "object_repr": "73", "action_flag": 3, "change_message": ""}}, {"model": "admin.logentry", "pk": 109, "fields": {"action_time": "2019-04-15T16:39:01.208Z", "user": 1, "content_type": 11, "object_id": "72", "object_repr": "72", "action_flag": 3, "change_message": ""}}, {"model": "admin.logentry", "pk": 110, "fields": {"action_time": "2019-04-15T16:39:01.293Z", "user": 1, "content_type": 11, "object_id": "71", "object_repr": "71", "action_flag": 3, "change_message": ""}}, {"model": "admin.logentry", "pk": 111, "fields": {"action_time": "2019-04-15T16:39:01.371Z", "user": 1, "content_type": 11, "object_id": "70", "object_repr": "70", "action_flag": 3, "change_message": ""}}, {"model": "admin.logentry", "pk": 112, "fields": {"action_time": "2019-04-15T16:39:01.587Z", "user": 1, "content_type": 11, "object_id": "69", "object_repr": "69", "action_flag": 3, "change_message": ""}}, {"model": "admin.logentry", "pk": 113, "fields": {"action_time": "2019-04-15T16:39:02.012Z", "user": 1, "content_type": 11, "object_id": "68", "object_repr": "68", "action_flag": 3, "change_message": ""}}, {"model": "admin.logentry", "pk": 114, "fields": {"action_time": "2019-04-15T16:39:02.265Z", "user": 1, "content_type": 11, "object_id": "67", "object_repr": "67", "action_flag": 3, "change_message": ""}}, {"model": "admin.logentry", "pk": 115, "fields": {"action_time": "2019-04-15T16:39:02.465Z", "user": 1, "content_type": 11, "object_id": "66", "object_repr": "66", "action_flag": 3, "change_message": ""}}, {"model": "admin.logentry", "pk": 116, "fields": {"action_time": "2019-04-15T16:39:02.611Z", "user": 1, "content_type": 11, "object_id": "65", "object_repr": "65", "action_flag": 3, "change_message": ""}}, {"model": "admin.logentry", "pk": 117, "fields": {"action_time": "2019-04-15T16:39:02.744Z", "user": 1, "content_type": 11, "object_id": "64", "object_repr": "64", "action_flag": 3, "change_message": ""}}, {"model": "admin.logentry", "pk": 118, "fields": {"action_time": "2019-04-15T16:39:02.856Z", "user": 1, "content_type": 11, "object_id": "63", "object_repr": "63", "action_flag": 3, "change_message": ""}}, {"model": "admin.logentry", "pk": 119, "fields": {"action_time": "2019-04-15T16:39:03.011Z", "user": 1, "content_type": 11, "object_id": "62", "object_repr": "62", "action_flag": 3, "change_message": ""}}, {"model": "admin.logentry", "pk": 120, "fields": {"action_time": "2019-04-15T16:39:03.127Z", "user": 1, "content_type": 11, "object_id": "61", "object_repr": "61", "action_flag": 3, "change_message": ""}}, {"model": "admin.logentry", "pk": 121, "fields": {"action_time": "2019-04-15T16:39:03.235Z", "user": 1, "content_type": 11, "object_id": "60", "object_repr": "60", "action_flag": 3, "change_message": ""}}, {"model": "admin.logentry", "pk": 122, "fields": {"action_time": "2019-04-15T16:39:03.360Z", "user": 1, "content_type": 11, "object_id": "59", "object_repr": "59", "action_flag": 3, "change_message": ""}}, {"model": "admin.logentry", "pk": 123, "fields": {"action_time": "2019-04-15T16:39:03.477Z", "user": 1, "content_type": 11, "object_id": "58", "object_repr": "58", "action_flag": 3, "change_message": ""}}, {"model": "admin.logentry", "pk": 124, "fields": {"action_time": "2019-04-15T16:39:03.585Z", "user": 1, "content_type": 11, "object_id": "57", "object_repr": "57", "action_flag": 3, "change_message": ""}}, {"model": "admin.logentry", "pk": 125, "fields": {"action_time": "2019-04-15T16:39:03.722Z", "user": 1, "content_type": 11, "object_id": "56", "object_repr": "56", "action_flag": 3, "change_message": ""}}, {"model": "admin.logentry", "pk": 126, "fields": {"action_time": "2019-04-15T16:39:03.827Z", "user": 1, "content_type": 11, "object_id": "55", "object_repr": "55", "action_flag": 3, "change_message": ""}}, {"model": "admin.logentry", "pk": 127, "fields": {"action_time": "2019-04-15T16:39:03.918Z", "user": 1, "content_type": 11, "object_id": "54", "object_repr": "54", "action_flag": 3, "change_message": ""}}, {"model": "admin.logentry", "pk": 128, "fields": {"action_time": "2019-04-15T16:39:04.026Z", "user": 1, "content_type": 11, "object_id": "53", "object_repr": "53", "action_flag": 3, "change_message": ""}}, {"model": "admin.logentry", "pk": 129, "fields": {"action_time": "2019-04-15T16:39:04.175Z", "user": 1, "content_type": 11, "object_id": "52", "object_repr": "52", "action_flag": 3, "change_message": ""}}, {"model": "admin.logentry", "pk": 130, "fields": {"action_time": "2019-04-15T16:39:04.321Z", "user": 1, "content_type": 11, "object_id": "51", "object_repr": "51", "action_flag": 3, "change_message": ""}}, {"model": "admin.logentry", "pk": 131, "fields": {"action_time": "2019-04-15T16:39:04.393Z", "user": 1, "content_type": 11, "object_id": "50", "object_repr": "50", "action_flag": 3, "change_message": ""}}, {"model": "admin.logentry", "pk": 132, "fields": {"action_time": "2019-04-15T16:39:04.567Z", "user": 1, "content_type": 11, "object_id": "49", "object_repr": "49", "action_flag": 3, "change_message": ""}}, {"model": "admin.logentry", "pk": 133, "fields": {"action_time": "2019-04-15T16:49:18.550Z", "user": 1, "content_type": 11, "object_id": "100", "object_repr": "100", "action_flag": 3, "change_message": ""}}, {"model": "admin.logentry", "pk": 134, "fields": {"action_time": "2019-04-15T16:49:18.675Z", "user": 1, "content_type": 11, "object_id": "99", "object_repr": "99", "action_flag": 3, "change_message": ""}}, {"model": "admin.logentry", "pk": 135, "fields": {"action_time": "2019-04-15T16:49:18.737Z", "user": 1, "content_type": 11, "object_id": "98", "object_repr": "98", "action_flag": 3, "change_message": ""}}, {"model": "admin.logentry", "pk": 136, "fields": {"action_time": "2019-04-15T16:49:18.803Z", "user": 1, "content_type": 11, "object_id": "97", "object_repr": "97", "action_flag": 3, "change_message": ""}}, {"model": "admin.logentry", "pk": 137, "fields": {"action_time": "2019-04-15T16:49:18.870Z", "user": 1, "content_type": 11, "object_id": "96", "object_repr": "96", "action_flag": 3, "change_message": ""}}, {"model": "admin.logentry", "pk": 138, "fields": {"action_time": "2019-04-15T16:49:18.937Z", "user": 1, "content_type": 11, "object_id": "95", "object_repr": "95", "action_flag": 3, "change_message": ""}}, {"model": "admin.logentry", "pk": 139, "fields": {"action_time": "2019-04-15T16:49:19.003Z", "user": 1, "content_type": 11, "object_id": "94", "object_repr": "94", "action_flag": 3, "change_message": ""}}, {"model": "admin.logentry", "pk": 140, "fields": {"action_time": "2019-04-15T16:49:25.158Z", "user": 1, "content_type": 11, "object_id": "102", "object_repr": "102", "action_flag": 3, "change_message": ""}}, {"model": "admin.logentry", "pk": 141, "fields": {"action_time": "2019-04-15T16:49:25.230Z", "user": 1, "content_type": 11, "object_id": "101", "object_repr": "101", "action_flag": 3, "change_message": ""}}, {"model": "admin.logentry", "pk": 142, "fields": {"action_time": "2019-04-16T09:15:10.788Z", "user": 1, "content_type": 11, "object_id": "105", "object_repr": "105", "action_flag": 3, "change_message": ""}}, {"model": "admin.logentry", "pk": 143, "fields": {"action_time": "2019-04-16T09:15:10.871Z", "user": 1, "content_type": 11, "object_id": "104", "object_repr": "104", "action_flag": 3, "change_message": ""}}, {"model": "admin.logentry", "pk": 144, "fields": {"action_time": "2019-04-16T09:15:10.954Z", "user": 1, "content_type": 11, "object_id": "103", "object_repr": "103", "action_flag": 3, "change_message": ""}}, {"model": "admin.logentry", "pk": 145, "fields": {"action_time": "2019-04-16T14:12:54.318Z", "user": 1, "content_type": 11, "object_id": "1", "object_repr": "1", "action_flag": 1, "change_message": "[{\"added\": {}}]"}}, {"model": "admin.logentry", "pk": 146, "fields": {"action_time": "2019-04-29T09:45:27.557Z", "user": 1, "content_type": 10, "object_id": "17", "object_repr": "Cart item for product \u041c\u043e\u0442\u043e\u0440\u043d\u043e\u0435 \u043c\u0430\u0441\u043b\u043e MOBIL 1 0W-20 4\u043b", "action_flag": 3, "change_message": ""}}, {"model": "admin.logentry", "pk": 147, "fields": {"action_time": "2019-04-29T09:45:27.630Z", "user": 1, "content_type": 10, "object_id": "16", "object_repr": "Cart item for product \u041c\u043e\u0442\u043e\u0440\u043d\u043e\u0435 \u043c\u0430\u0441\u043b\u043e LIQUI MOLY Synthoil Longtime 0W-30 8977 5\u043b", "action_flag": 3, "change_message": ""}}, {"model": "admin.logentry", "pk": 148, "fields": {"action_time": "2019-04-29T09:45:27.696Z", "user": 1, "content_type": 10, "object_id": "15", "object_repr": "Cart item for product \u0422\u0440\u0430\u043d\u0441\u043c\u0438\u0441\u0441\u0438\u043e\u043d\u043d\u043e\u0435 \u043c\u0430\u0441\u043b\u043e Comma MVMTF PLUS 75W 5\u043b", "action_flag": 3, "change_message": ""}}, {"model": "admin.logentry", "pk": 149, "fields": {"action_time": "2019-04-29T09:45:27.776Z", "user": 1, "content_type": 10, "object_id": "14", "object_repr": "Cart item for product \u0422\u0440\u0430\u043d\u0441\u043c\u0438\u0441\u0441\u0438\u043e\u043d\u043d\u043e\u0435 \u043c\u0430\u0441\u043b\u043e LIQUI MOLY Top Tec ATF 1200 8040 5\u043b", "action_flag": 3, "change_message": ""}}, {"model": "admin.logentry", "pk": 150, "fields": {"action_time": "2019-04-29T09:45:27.829Z", "user": 1, "content_type": 10, "object_id": "13", "object_repr": "Cart item for product \u041c\u043e\u0442\u043e\u0440\u043d\u043e\u0435 \u043c\u0430\u0441\u043b\u043e MOBIL 1 0W-20 4\u043b", "action_flag": 3, "change_message": ""}}, {"model": "admin.logentry", "pk": 151, "fields": {"action_time": "2019-04-29T09:45:27.896Z", "user": 1, "content_type": 10, "object_id": "12", "object_repr": "Cart item for product \u041a\u043e\u043c\u043f\u043b\u0435\u043a\u0441\u043d\u0430\u044f \u043f\u0440\u0438\u0441\u0430\u0434\u043a\u0430 LIQUI MOLY Oil Additiv MoS2 1998 300\u043c\u043b", "action_flag": 3, "change_message": ""}}, {"model": "admin.logentry", "pk": 152, "fields": {"action_time": "2019-04-29T09:45:27.971Z", "user": 1, "content_type": 10, "object_id": "11", "object_repr": "Cart item for product \u041c\u043e\u0442\u043e\u0440\u043d\u043e\u0435 \u043c\u0430\u0441\u043b\u043e MOBIL 1 0W-20 4\u043b", "action_flag": 3, "change_message": ""}}, {"model": "admin.logentry", "pk": 153, "fields": {"action_time": "2019-04-29T09:45:28.046Z", "user": 1, "content_type": 10, "object_id": "10", "object_repr": "Cart item for product \u041f\u0440\u043e\u043c\u044b\u0432\u043a\u0430 \u043c\u0430\u0441\u043b\u044f\u043d\u043e\u0439 \u0441\u0438\u0441\u0442\u0435\u043c\u044b Comma FLUSH OUT 5\u043b", "action_flag": 3, "change_message": ""}}, {"model": "admin.logentry", "pk": 154, "fields": {"action_time": "2019-04-29T09:45:28.121Z", "user": 1, "content_type": 10, "object_id": "9", "object_repr": "Cart item for product \u0422\u0440\u0430\u043d\u0441\u043c\u0438\u0441\u0441\u0438\u043e\u043d\u043d\u043e\u0435 \u043c\u0430\u0441\u043b\u043e Comma MVMTF PLUS 75W 5\u043b", "action_flag": 3, "change_message": ""}}, {"model": "admin.logentry", "pk": 155, "fields": {"action_time": "2019-04-29T09:45:28.187Z", "user": 1, "content_type": 10, "object_id": "8", "object_repr": "Cart item for product \u041c\u043e\u0442\u043e\u0440\u043d\u043e\u0435 \u043c\u0430\u0441\u043b\u043e Comma ECO-LLP 0W-20 5\u043b", "action_flag": 3, "change_message": ""}}, {"model": "admin.logentry", "pk": 156, "fields": {"action_time": "2019-04-29T09:45:28.259Z", "user": 1, "content_type": 10, "object_id": "7", "object_repr": "Cart item for product \u0422\u0440\u0430\u043d\u0441\u043c\u0438\u0441\u0441\u0438\u043e\u043d\u043d\u043e\u0435 \u043c\u0430\u0441\u043b\u043e SHELL Spirax S6 GXME 75W-80 1\u043b", "action_flag": 3, "change_message": ""}}, {"model": "admin.logentry", "pk": 157, "fields": {"action_time": "2019-04-29T09:45:28.321Z", "user": 1, "content_type": 10, "object_id": "6", "object_repr": "Cart item for product \u0422\u0440\u0430\u043d\u0441\u043c\u0438\u0441\u0441\u0438\u043e\u043d\u043d\u043e\u0435 \u043c\u0430\u0441\u043b\u043e LIQUI MOLY Top Tec ATF 1200 8040 5\u043b", "action_flag": 3, "change_message": ""}}, {"model": "admin.logentry", "pk": 158, "fields": {"action_time": "2019-04-29T09:45:28.387Z", "user": 1, "content_type": 10, "object_id": "5", "object_repr": "Cart item for product \u041c\u043e\u0442\u043e\u0440\u043d\u043e\u0435 \u043c\u0430\u0441\u043b\u043e SHELL Helix Ultra Professional AR-L 5W-30 5\u043b", "action_flag": 3, "change_message": ""}}, {"model": "admin.logentry", "pk": 159, "fields": {"action_time": "2019-04-29T09:45:28.451Z", "user": 1, "content_type": 10, "object_id": "4", "object_repr": "Cart item for product \u041f\u0440\u043e\u043c\u044b\u0432\u043a\u0430 \u043c\u0430\u0441\u043b\u044f\u043d\u043e\u0439 \u0441\u0438\u0441\u0442\u0435\u043c\u044b LIQUI MOLY MOTORCLEAN 1883 0.5\u043b", "action_flag": 3, "change_message": ""}}, {"model": "admin.logentry", "pk": 160, "fields": {"action_time": "2019-04-29T09:45:28.512Z", "user": 1, "content_type": 10, "object_id": "3", "object_repr": "Cart item for product \u041c\u043e\u0442\u043e\u0440\u043d\u043e\u0435 \u043c\u0430\u0441\u043b\u043e Comma ECO-LLP 0W-20 5\u043b", "action_flag": 3, "change_message": ""}}, {"model": "admin.logentry", "pk": 161, "fields": {"action_time": "2019-04-29T09:45:28.601Z", "user": 1, "content_type": 10, "object_id": "2", "object_repr": "Cart item for product \u041c\u043e\u0442\u043e\u0440\u043d\u043e\u0435 \u043c\u0430\u0441\u043b\u043e MOBIL 1 0W-20 4\u043b", "action_flag": 3, "change_message": ""}}, {"model": "admin.logentry", "pk": 162, "fields": {"action_time": "2019-04-29T09:45:28.662Z", "user": 1, "content_type": 10, "object_id": "1", "object_repr": "Cart item for product \u041c\u043e\u0442\u043e\u0440\u043d\u043e\u0435 \u043c\u0430\u0441\u043b\u043e LIQUI MOLY Synthoil Longtime 0W-30 8977 5\u043b", "action_flag": 3, "change_message": ""}}, {"model": "admin.logentry", "pk": 163, "fields": {"action_time": "2019-04-29T09:46:12.438Z", "user": 1, "content_type": 11, "object_id": "14", "object_repr": "14", "action_flag": 3, "change_message": ""}}, {"model": "admin.logentry", "pk": 164, "fields": {"action_time": "2019-04-29T09:46:12.512Z", "user": 1, "content_type": 11, "object_id": "13", "object_repr": "13", "action_flag": 3, "change_message": ""}}, {"model": "admin.logentry", "pk": 165, "fields": {"action_time": "2019-04-29T09:46:12.570Z", "user": 1, "content_type": 11, "object_id": "12", "object_repr": "12", "action_flag": 3, "change_message": ""}}, {"model": "admin.logentry", "pk": 166, "fields": {"action_time": "2019-04-29T09:46:12.629Z", "user": 1, "content_type": 11, "object_id": "11", "object_repr": "11", "action_flag": 3, "change_message": ""}}, {"model": "admin.logentry", "pk": 167, "fields": {"action_time": "2019-04-29T09:46:12.687Z", "user": 1, "content_type": 11, "object_id": "10", "object_repr": "10", "action_flag": 3, "change_message": ""}}, {"model": "admin.logentry", "pk": 168, "fields": {"action_time": "2019-04-29T09:46:12.745Z", "user": 1, "content_type": 11, "object_id": "9", "object_repr": "9", "action_flag": 3, "change_message": ""}}, {"model": "admin.logentry", "pk": 169, "fields": {"action_time": "2019-04-29T09:46:12.806Z", "user": 1, "content_type": 11, "object_id": "8", "object_repr": "8", "action_flag": 3, "change_message": ""}}, {"model": "admin.logentry", "pk": 170, "fields": {"action_time": "2019-04-29T09:46:12.873Z", "user": 1, "content_type": 11, "object_id": "7", "object_repr": "7", "action_flag": 3, "change_message": ""}}, {"model": "admin.logentry", "pk": 171, "fields": {"action_time": "2019-04-29T09:46:12.929Z", "user": 1, "content_type": 11, "object_id": "6", "object_repr": "6", "action_flag": 3, "change_message": ""}}, {"model": "admin.logentry", "pk": 172, "fields": {"action_time": "2019-04-29T09:46:12.998Z", "user": 1, "content_type": 11, "object_id": "5", "object_repr": "5", "action_flag": 3, "change_message": ""}}, {"model": "admin.logentry", "pk": 173, "fields": {"action_time": "2019-04-29T09:46:13.081Z", "user": 1, "content_type": 11, "object_id": "4", "object_repr": "4", "action_flag": 3, "change_message": ""}}, {"model": "admin.logentry", "pk": 174, "fields": {"action_time": "2019-04-29T09:46:13.137Z", "user": 1, "content_type": 11, "object_id": "3", "object_repr": "3", "action_flag": 3, "change_message": ""}}, {"model": "admin.logentry", "pk": 175, "fields": {"action_time": "2019-04-29T09:46:13.195Z", "user": 1, "content_type": 11, "object_id": "2", "object_repr": "2", "action_flag": 3, "change_message": ""}}, {"model": "admin.logentry", "pk": 176, "fields": {"action_time": "2019-04-29T09:46:13.256Z", "user": 1, "content_type": 11, "object_id": "1", "object_repr": "1", "action_flag": 3, "change_message": ""}}, {"model": "admin.logentry", "pk": 177, "fields": {"action_time": "2019-04-29T09:46:31.965Z", "user": 1, "content_type": 12, "object_id": "9", "object_repr": "\u0417\u0430\u043a\u0430\u0437 \u21169", "action_flag": 3, "change_message": ""}}, {"model": "admin.logentry", "pk": 178, "fields": {"action_time": "2019-04-29T09:46:32.058Z", "user": 1, "content_type": 12, "object_id": "8", "object_repr": "\u0417\u0430\u043a\u0430\u0437 \u21168", "action_flag": 3, "change_message": ""}}, {"model": "admin.logentry", "pk": 179, "fields": {"action_time": "2019-04-29T09:46:32.158Z", "user": 1, "content_type": 12, "object_id": "7", "object_repr": "\u0417\u0430\u043a\u0430\u0437 \u21167", "action_flag": 3, "change_message": ""}}, {"model": "admin.logentry", "pk": 180, "fields": {"action_time": "2019-04-29T09:46:32.219Z", "user": 1, "content_type": 12, "object_id": "6", "object_repr": "\u0417\u0430\u043a\u0430\u0437 \u21166", "action_flag": 3, "change_message": ""}}, {"model": "admin.logentry", "pk": 181, "fields": {"action_time": "2019-04-29T09:46:32.274Z", "user": 1, "content_type": 12, "object_id": "5", "object_repr": "\u0417\u0430\u043a\u0430\u0437 \u21165", "action_flag": 3, "change_message": ""}}, {"model": "admin.logentry", "pk": 182, "fields": {"action_time": "2019-04-29T09:46:32.361Z", "user": 1, "content_type": 12, "object_id": "4", "object_repr": "\u0417\u0430\u043a\u0430\u0437 \u21164", "action_flag": 3, "change_message": ""}}, {"model": "admin.logentry", "pk": 183, "fields": {"action_time": "2019-04-29T09:46:32.427Z", "user": 1, "content_type": 12, "object_id": "3", "object_repr": "\u0417\u0430\u043a\u0430\u0437 \u21163", "action_flag": 3, "change_message": ""}}, {"model": "admin.logentry", "pk": 184, "fields": {"action_time": "2019-04-29T09:46:32.494Z", "user": 1, "content_type": 12, "object_id": "2", "object_repr": "\u0417\u0430\u043a\u0430\u0437 \u21162", "action_flag": 3, "change_message": ""}}, {"model": "admin.logentry", "pk": 185, "fields": {"action_time": "2019-04-29T09:46:32.580Z", "user": 1, "content_type": 12, "object_id": "1", "object_repr": "\u0417\u0430\u043a\u0430\u0437 \u21161", "action_flag": 3, "change_message": ""}}, {"model": "admin.logentry", "pk": 186, "fields": {"action_time": "2019-04-29T12:27:10.346Z", "user": 1, "content_type": 12, "object_id": "2", "object_repr": "\u0417\u0430\u043a\u0430\u0437 \u21162", "action_flag": 2, "change_message": "[{\"changed\": {\"fields\": [\"buying_type\", \"comments\", \"status\"]}}]"}}, {"model": "admin.logentry", "pk": 187, "fields": {"action_time": "2019-05-06T11:08:23.952Z", "user": 1, "content_type": 14, "object_id": "2", "object_repr": "\u0417\u0430\u043a\u0430\u0437 \u21162", "action_flag": 2, "change_message": "[{\"changed\": {\"fields\": [\"status\"]}}]"}}, {"model": "admin.logentry", "pk": 188, "fields": {"action_time": "2019-05-06T11:08:34.749Z", "user": 1, "content_type": 14, "object_id": "3", "object_repr": "\u0417\u0430\u043a\u0430\u0437 \u21163", "action_flag": 2, "change_message": "[{\"changed\": {\"fields\": [\"status\"]}}]"}}, {"model": "admin.logentry", "pk": 189, "fields": {"action_time": "2019-05-07T15:02:01.918Z", "user": 1, "content_type": 14, "object_id": "4", "object_repr": "Order object (4)", "action_flag": 3, "change_message": ""}}, {"model": "admin.logentry", "pk": 190, "fields": {"action_time": "2019-05-07T15:02:47.260Z", "user": 1, "content_type": 14, "object_id": "5", "object_repr": "Order object (5)", "action_flag": 3, "change_message": ""}}, {"model": "admin.logentry", "pk": 191, "fields": {"action_time": "2019-05-07T15:02:47.330Z", "user": 1, "content_type": 14, "object_id": "4", "object_repr": "Order object (4)", "action_flag": 3, "change_message": ""}}, {"model": "admin.logentry", "pk": 192, "fields": {"action_time": "2019-05-07T15:03:01.136Z", "user": 1, "content_type": 14, "object_id": "13", "object_repr": "Order object (13)", "action_flag": 3, "change_message": ""}}, {"model": "admin.logentry", "pk": 193, "fields": {"action_time": "2019-05-07T15:03:01.206Z", "user": 1, "content_type": 14, "object_id": "12", "object_repr": "Order object (12)", "action_flag": 3, "change_message": ""}}, {"model": "admin.logentry", "pk": 194, "fields": {"action_time": "2019-05-07T15:03:01.264Z", "user": 1, "content_type": 14, "object_id": "11", "object_repr": "Order object (11)", "action_flag": 3, "change_message": ""}}, {"model": "admin.logentry", "pk": 195, "fields": {"action_time": "2019-05-07T15:03:01.322Z", "user": 1, "content_type": 14, "object_id": "10", "object_repr": "Order object (10)", "action_flag": 3, "change_message": ""}}, {"model": "admin.logentry", "pk": 196, "fields": {"action_time": "2019-05-07T15:03:01.380Z", "user": 1, "content_type": 14, "object_id": "9", "object_repr": "Order object (9)", "action_flag": 3, "change_message": ""}}, {"model": "admin.logentry", "pk": 197, "fields": {"action_time": "2019-05-07T15:03:01.447Z", "user": 1, "content_type": 14, "object_id": "8", "object_repr": "Order object (8)", "action_flag": 3, "change_message": ""}}, {"model": "admin.logentry", "pk": 198, "fields": {"action_time": "2019-05-07T15:03:01.505Z", "user": 1, "content_type": 14, "object_id": "7", "object_repr": "Order object (7)", "action_flag": 3, "change_message": ""}}, {"model": "admin.logentry", "pk": 199, "fields": {"action_time": "2019-05-07T15:03:01.564Z", "user": 1, "content_type": 14, "object_id": "6", "object_repr": "Order object (6)", "action_flag": 3, "change_message": ""}}, {"model": "admin.logentry", "pk": 200, "fields": {"action_time": "2019-05-07T15:04:11.908Z", "user": 1, "content_type": 14, "object_id": "14", "object_repr": "Order object (14)", "action_flag": 3, "change_message": ""}}, {"model": "admin.logentry", "pk": 201, "fields": {"action_time": "2019-05-07T15:17:44.094Z", "user": 1, "content_type": 14, "object_id": "15", "object_repr": "Order object (15)", "action_flag": 3, "change_message": ""}}]